<?xml version="1.0" encoding="UTF-8"?>
<project-private xmlns="http://www.netbeans.org/ns/project-private/1">
    <editor-bookmarks xmlns="http://www.netbeans.org/ns/editor-bookmarks/2" lastBookmarkId="0"/>
    <open-files xmlns="http://www.netbeans.org/ns/projectui-open-files/2">
        <group name="Hello World Projects">
            <file>file:/Users/dalemusser/Desktop/NotifcationExamples/src/notifcationexamples/NotifcationExamples.java</file>
            <file>file:/Users/dalemusser/Desktop/NotifcationExamples/src/notifcationexamples/NotificationsUI.fxml</file>
            <file>file:/Users/dalemusser/Desktop/NotifcationExamples/src/notifcationexamples/NotificationsUIController.java</file>
            <file>file:/Users/dalemusser/Desktop/NotifcationExamples/src/taskers/Task1.java</file>
            <file>file:/Users/dalemusser/Desktop/NotifcationExamples/src/taskers/Task2.java</file>
            <file>file:/Users/dalemusser/Desktop/NotifcationExamples/src/taskers/Task3.java</file>
        </group>
        <group>
            <file>file:/C:/Users/Mike/Documents/NetBeansProjects/NotifcationExamples/src/taskers/Task2.java</file>
            <file>file:/C:/Users/Mike/Documents/NetBeansProjects/NotifcationExamples/src/taskers/Task1.java</file>
            <file>file:/C:/Users/Mike/Documents/NetBeansProjects/NotifcationExamples/src/taskers/Task3.java</file>
            <file>file:/C:/Users/Mike/Documents/NetBeansProjects/NotifcationExamples/src/taskers/Notifiable.java</file>
            <file>file:/C:/Users/Mike/Documents/NetBeansProjects/NotifcationExamples/src/notifcationexamples/NotificationsUIController.java</file>
            <file>file:/C:/Users/Mike/Documents/NetBeansProjects/NotifcationExamples/src/taskers/TaskState.java</file>
            <file>file:/C:/Users/Mike/Documents/NetBeansProjects/NotifcationExamples/src/notifcationexamples/NotifcationExamples.java</file>
            <file>file:/C:/Users/Mike/Documents/NetBeansProjects/NotifcationExamples/src/taskers/Notification.java</file>
        </group>
    </open-files>
</project-private>
